{"cameraMode":{"drawMode":0,"name":"Shaded","section":"Shading Mode"},"sceneLighting":false,"audioPlay":false,"sceneViewState":{"m_AlwaysRefresh":false,"showFog":true,"showSkybox":false,"showFlares":true,"showImageEffects":true,"showParticleSystems":true,"showVisualEffectGraphs":true,"m_FxEnabled":true},"in2DMode":false,"pivot":{"x":-2.7360029220581056,"y":1.5312395095825196,"z":-3.922940969467163},"rotation":{"x":-0.19085758924484254,"y":-0.05269935354590416,"z":0.010291444137692452,"w":-0.9801931977272034},"size":0.24494902789592744,"orthographic":false}