{"cameraMode":{"drawMode":0,"name":"Shaded","section":"Shading Mode"},"sceneLighting":false,"audioPlay":false,"sceneViewState":{"m_AlwaysRefresh":false,"showFog":true,"showSkybox":false,"showFlares":true,"showImageEffects":true,"showParticleSystems":true,"showVisualEffectGraphs":true,"m_FxEnabled":true},"in2DMode":false,"pivot":{"x":-3.1063191890716554,"y":0.9580791592597961,"z":-3.2354466915130617},"rotation":{"x":-0.11096180975437164,"y":0.08538834750652313,"z":-0.009713705629110337,"w":-0.99029541015625},"size":0.24494902789592744,"orthographic":false}